address,in_degree,out_degree,pagerank,flag_high_out_degree,flag_high_in_degree,flag_high_pagerank,suspicious_score,reason
addr_1kvldhp3a0mq4xo06r9dd6eaf0ezt9lnbohuxs928q,13,4,0.0002944966539672,False,True,True,2,"high_in_degree,high_pagerank"
addr_rwjk27yejr4largh4d4h5fnls36jm8fr04hoffacaw,14,2,0.0002719468422698,False,True,True,2,"high_in_degree,high_pagerank"
addr_9695x3208rfafvylrc62akvwvd1pd9ue1r5vdancpg,18,8,0.0002691411401222,False,True,True,2,"high_in_degree,high_pagerank"
addr_1ac8kkuvgnhfnvznfsmxatd3bw1iudiwf4jkna2385,15,6,0.0002660329121522,False,True,True,2,"high_in_degree,high_pagerank"
addr_vlaucistz7yj4nqt1w9v46xlk4i1qha30l0s8qwepb,18,11,0.0002655854822636,False,True,True,2,"high_in_degree,high_pagerank"
addr_h4soq5ihxzm4njkxjp9ygstx9l27yfu12hclyrjdhu,13,4,0.0002545359391382,False,True,True,2,"high_in_degree,high_pagerank"
addr_v596yiwxi5mtrynjsmwk6cly74lozgukr8tu14s7r9,14,7,0.0002421818642594,False,True,True,2,"high_in_degree,high_pagerank"
addr_af939s4bpgnouva2utf1askcy0b5xh7g7v0ikp9fa1,13,7,0.0002403788054502,False,True,True,2,"high_in_degree,high_pagerank"
addr_wrx7r7eftsql49laix5tiycmpg2mvk02jbg87g36uk,17,10,0.0002402998596038,False,True,True,2,"high_in_degree,high_pagerank"
addr_4pze9mlb70xjmxt3frhp6mmxpk2d5pr2a7kz2vl2o6,8,14,0.0002402778147521,True,False,True,2,"high_out_degree,high_pagerank"
addr_4bwdojqqq8j6ww7hw2tyr47smm5bgkw6kf3e6l3ubx,16,9,0.0002385057528923,False,True,True,2,"high_in_degree,high_pagerank"
addr_kzadbs9cwqq2g1kvr6ax8kxxj0lebn52kocwdemm0u,13,5,0.0002349267170588,False,True,True,2,"high_in_degree,high_pagerank"
addr_em5zakahtp8imypo49br6gs2a5kz7g1uvo93bhp0ma,13,10,0.000234893692428,False,True,True,2,"high_in_degree,high_pagerank"
addr_kkc7sxonypa8hw405xyxn24pynah9edmcz3wfvy44x,14,7,0.0002337507190137,False,True,True,2,"high_in_degree,high_pagerank"
addr_og9xjpytjtuoqh61f8yr4tikoinic4nvr0ytbk11tf,12,17,0.0002275834855234,True,False,True,2,"high_out_degree,high_pagerank"
addr_gppap5hlnpspwkspjta53nye8rxlwc5zkj98xrea4f,13,7,0.000226898700371,False,True,True,2,"high_in_degree,high_pagerank"
addr_swbkok3qpwbsf3q0e27zeoqgvzhqjy62zeeqnsn2s8,15,11,0.0002267185585216,False,True,True,2,"high_in_degree,high_pagerank"
addr_04yprpaqccgzdn5v38n2uiziwnt0z85prcpkfdtbjo,13,9,0.0002246497156614,False,True,True,2,"high_in_degree,high_pagerank"
addr_uqaaj84rx6pryiej9c0uu5wryesu4fcl5efjp6mkt7,13,10,0.0002213984396356,False,True,True,2,"high_in_degree,high_pagerank"
addr_et5urn5arr4nio2sby00nifsq858ykhxejmmx5pvf5,15,5,0.0002196710549852,False,True,True,2,"high_in_degree,high_pagerank"
addr_7udol2caxcvfez385z3reqnxd30iw1xdusy99l8k7e,17,7,0.0002192753196524,False,True,True,2,"high_in_degree,high_pagerank"
addr_uhf9mh1ehpihq4y5sucw4k6mb898yxmjdia6z5enoc,13,6,0.0002177689747022,False,True,True,2,"high_in_degree,high_pagerank"
addr_1r84b6fi8vvqzvb4k17vmrhrcvbi7fhfnfciie8pzy,15,4,0.0002168515038085,False,True,True,2,"high_in_degree,high_pagerank"
addr_zs9mthd3igk38vhmewcjn6ocjpztc09zgnx3vpf9pa,9,20,0.0002141521706204,True,False,True,2,"high_out_degree,high_pagerank"
addr_5pvxswez2t61ff7tx3u2r1wnfuzwvc0y185olwb921,15,7,0.0002132105289805,False,True,True,2,"high_in_degree,high_pagerank"
addr_3gt4i1m5zwpt92tt06q1lu9mm8tofzpvhmmr0zpaxx,14,8,0.0002104098293998,False,True,True,2,"high_in_degree,high_pagerank"
addr_7r08hc1yf23g0xujyy3aaoyuqdl1uprzyx51859mkm,14,9,0.0002094944891601,False,True,True,2,"high_in_degree,high_pagerank"
addr_prrr0kkr6q2ml52bm73bf5dy90kjprpj6z4wmnaegp,14,10,0.0002058920602431,False,True,True,2,"high_in_degree,high_pagerank"
addr_neqwglobrs3o62851wpvfz2caj6r4t3swx0qim8qj7,15,9,0.0002054126586635,False,True,True,2,"high_in_degree,high_pagerank"
addr_3pfdt75mcayje8nfraotwsj57zpqfglygwr70iofif,16,1,0.0002054052103691,False,True,True,2,"high_in_degree,high_pagerank"
addr_80kvvb5abhcp8m7em6jys831kmiptq4zmus6vchc1f,13,6,0.0002051185594266,False,True,True,2,"high_in_degree,high_pagerank"
addr_5grwnj8782hs7q3d7w36oxo15nsproitw9t88ggvc0,13,8,0.0002047489100705,False,True,True,2,"high_in_degree,high_pagerank"
addr_1s6eqxxcx9knbz9h0unl0ut5jaysywu2gyiaw7foe4,13,9,0.0002035743380387,False,True,True,2,"high_in_degree,high_pagerank"
addr_hexanvzgzte0mznmxbfhdqmkt6h6ra0dqd29q3t08a,14,9,0.0002035395613946,False,True,True,2,"high_in_degree,high_pagerank"
addr_z61nv045udtk22l9d3bjl76enaj9arkd5st7pn5e65,13,5,0.0002033561741116,False,True,True,2,"high_in_degree,high_pagerank"
addr_e8234dhhzngjrubizibu9rrcc7a3v541057n4iqaq1,17,6,0.0002029569301636,False,True,True,2,"high_in_degree,high_pagerank"
addr_gehnrcp0xs3gqkxmq6tefqmdeuaolopdcjxpxyu1mx,13,7,0.0002004831423113,False,True,True,2,"high_in_degree,high_pagerank"
addr_8h5rsps5k29kigk0aymia53ybgvy4thb42d7e6m0ny,14,5,0.0001993282106897,False,True,True,2,"high_in_degree,high_pagerank"
addr_rzf2139wb8z25d6v0ok5z68aami3z83oqizfhcnms3,13,6,0.0001987588502668,False,True,True,2,"high_in_degree,high_pagerank"
addr_wbfnw4v8flqr44qb9b3zjx14q20lvbcay062iiqs9x,15,16,0.0001978037204652,True,True,False,2,"high_out_degree,high_in_degree"
addr_u1bzeqgzzs2g8efmzaohe7mp9y8kscdzrc5pgxk9rh,13,16,0.0001823080233143,True,True,False,2,"high_out_degree,high_in_degree"
addr_jpvrt575qt1b9e0v26umt02ebfz0yld52vb724ippz,13,15,0.000171647834403,True,True,False,2,"high_out_degree,high_in_degree"
addr_4gc4ryg9rdpxdfovd79c9mv9e40kzuj2xorvork1dj,13,15,0.0001496431279685,True,True,False,2,"high_out_degree,high_in_degree"
addr_qke2gjr81bmqf7zk94yxfiblejgublmntfk7orfqla,13,14,0.0001446996038055,True,True,False,2,"high_out_degree,high_in_degree"
addr_q9al3uct78115b2temjyx0ygezc57afkxqr5w0srqa,13,16,0.0001359867271206,True,True,False,2,"high_out_degree,high_in_degree"
addr_cfilkjxjq5nv8oga0x7zcgdc5tao1cjfx5likwe4bx,13,18,0.0001178500382598,True,True,False,2,"high_out_degree,high_in_degree"
addr_74ivxnjs23xqavcur5dlkgd4hvxfgbrw6ecrgzvbgr,12,3,0.0003750189558326,False,False,True,1,high_pagerank
addr_1s4c8x6osy0twq2vkzuexwpr2mrc6l2m8vmhsgr27f,11,7,0.0002927581913,False,False,True,1,high_pagerank
addr_gxxzdggvvswq520jt2yrnbaom5a4vbfrz4b7qkq157,11,6,0.0002903822904385,False,False,True,1,high_pagerank
addr_7cxp8i31gujmmfsqivmcbbqgtj066ujsaanqbmj6vc,12,4,0.0002846728374524,False,False,True,1,high_pagerank
addr_0fe2c6opqa0ubcpx9e52859ych1kbkda0hrhltzyl6,12,6,0.0002836412381175,False,False,True,1,high_pagerank
addr_uy9xxg3oe6fef043qo7kedjwke6y5o1ul5bs5qfy8u,9,9,0.0002716251959152,False,False,True,1,high_pagerank
addr_0k12pl4uczsh8h88wkjihat6st26xqn7iqo8be08u6,8,5,0.000269259621773,False,False,True,1,high_pagerank
addr_4nixsqiywqhcgo89rrm2fbxkscwhxerdbf26x82g0p,6,7,0.0002575284168484,False,False,True,1,high_pagerank
addr_urdv5pi04n20ch3hkafz1130rlnrlb3mb9lsi4yev8,12,5,0.0002559909687772,False,False,True,1,high_pagerank
addr_3xu45eqmq1iv5si1lv6uogyecwcxion2vij98org4z,9,6,0.0002559841805018,False,False,True,1,high_pagerank
addr_r7gysiejnef0ydrrdn208rnppapcjehlycg6ne4590,9,5,0.0002462513570857,False,False,True,1,high_pagerank
addr_inpfgomqxmqo0fvlc254zh0qa1lszkzn0lyimoes1a,9,6,0.0002439359702415,False,False,True,1,high_pagerank
addr_5m7v5rftvn3om84j6m20z67pb27ifkhmeq2v6l3e7l,12,10,0.0002408845654335,False,False,True,1,high_pagerank
addr_bg1rfk97ydr4initl0hozd6cttatkh87tslds8mlq3,9,8,0.0002408385767164,False,False,True,1,high_pagerank
addr_kipdhsp2oy4cd3liqa123ncrjav6nicd23v4xn1fvq,9,4,0.0002392785397756,False,False,True,1,high_pagerank
addr_jbgteuv7cyzfrngkgutnzzh7qstz00akldtjst5i6e,11,11,0.0002390151610671,False,False,True,1,high_pagerank
addr_u0m3otgdi22q8imtcu2jy7t9oswpmjr8x3fdu0ssol,12,5,0.0002389188984456,False,False,True,1,high_pagerank
addr_c51gj0n64cn1935wgben7uwmeipyijj0ulrwc4xx8q,11,4,0.000237091720411,False,False,True,1,high_pagerank
addr_5fj27etf2vdzcrsnmyl1pvcy9w5mknerljzftmof2q,11,4,0.000237080338186,False,False,True,1,high_pagerank
addr_arxx7qsw5m723ticyvznex5cijm9rmds9z34kkf9j3,8,7,0.0002366536743309,False,False,True,1,high_pagerank
addr_3ck0thzo6esavhgva9dxslml7l5qizzqxyu9c5b1qm,12,5,0.000235652105857,False,False,True,1,high_pagerank
addr_7kaj46zkzse9lqa6f00t19puewgc33koguoxtp2nff,11,7,0.0002351178884859,False,False,True,1,high_pagerank
addr_11533k4ka0dpznyhqb8axup5i8m7dew338oy3sqdm4,12,6,0.0002349904965176,False,False,True,1,high_pagerank
addr_ugynaui4u130adq1qh26owvedokkhge53ybmbb339n,11,6,0.0002300384117226,False,False,True,1,high_pagerank
addr_4pzawev44jt6694yexhlhm9umugmgiq4yh5m9ewxyd,9,4,0.0002298308360913,False,False,True,1,high_pagerank
addr_uygrx2qmrlwpoecqz09jd4mk8456m8vg7cft8sadgy,11,4,0.0002296636188381,False,False,True,1,high_pagerank
addr_qgp6siynywep33xaukshpu86ytwwzixdhn65mpcbd5,11,7,0.0002260243714405,False,False,True,1,high_pagerank
addr_4nnkm95d0p92k38p6fvdhr59c81do6ouz1egntb34k,12,9,0.0002254778623267,False,False,True,1,high_pagerank
addr_6x8kd1oz8tcr6inuwfcbboypist9383hloc9w89ka5,12,11,0.0002232416956944,False,False,True,1,high_pagerank
addr_alm5iy98doxtuk9kp6k3driw0jp2mmjls78kctlb68,9,8,0.0002229327784914,False,False,True,1,high_pagerank
addr_ktxdqxg5sc40x4jzyvqts2cgjv90ukn500ocnm8127,11,7,0.0002201601747079,False,False,True,1,high_pagerank
addr_6v2zpfcvz921iniflovfo02kvyy5oygyq26rzub8yj,8,8,0.0002201273636706,False,False,True,1,high_pagerank
addr_cim68ewfmwdljsbpdvselkt7c57rs2qm6hicd55sj0,10,6,0.0002197521938065,False,False,True,1,high_pagerank
addr_3rhc9598x4nc3ueg9qd9g6ss2du1j3qknvsgs7agna,7,6,0.0002184594571521,False,False,True,1,high_pagerank
addr_qhr5vg77rqbumlgudyg9lptofojxpf22i7na36u5hd,11,4,0.0002155392418032,False,False,True,1,high_pagerank
addr_3s9fo1iy5tw9sohfup8ru518aut59oky0sheb9agn8,6,8,0.0002153057441561,False,False,True,1,high_pagerank
addr_rbjr2mrmejdg7c2fehpqey6487dl89bb5k3hi6522m,12,1,0.0002151036524997,False,False,True,1,high_pagerank
addr_z99c73qwdtcpleaezbmnc1lxgbnz2dz2lwzu1huyg7,12,6,0.0002138064311762,False,False,True,1,high_pagerank
addr_owz50tnpdmdtjpwdj5g00ug5swgqfr3meamtwfyce5,10,6,0.0002132461783131,False,False,True,1,high_pagerank
addr_uwky6ewjc80r3stea8ssn4rwby3nstmdq7g8eyy5j2,12,8,0.0002123606462915,False,False,True,1,high_pagerank
addr_1f09nyxjpiuy069lv20863hhq3b8s67jkzwfb9crmb,7,3,0.0002123459585231,False,False,True,1,high_pagerank
addr_an6h29mpwh9zau7qupug115olrczn4442g2dylhlfx,7,7,0.0002123046230627,False,False,True,1,high_pagerank
addr_ly3284sflwueqdtgy6mdkbh9urcf84ueztxaybjn3p,12,5,0.0002121002037551,False,False,True,1,high_pagerank
addr_lse9gt9ktypwo4l3fr92b5fsy4sybe1hol6xbcbjsh,11,8,0.0002120079765743,False,False,True,1,high_pagerank
addr_5x269vtugc9ykne1oe6adbces2r6tqyqc4b613hmxj,11,5,0.0002116740148621,False,False,True,1,high_pagerank
addr_zxygave1cnrsvg4hdidjbz3gjclsf8fwws49ukb6v3,8,3,0.0002116391343925,False,False,True,1,high_pagerank
addr_285jj9mqj4579og2gmdiqgjuha1cuy2gh1cwy4x7jv,12,11,0.000211425589863,False,False,True,1,high_pagerank
addr_joy03rtkce5eo405aitop196eecrtviegdisa3n9hq,12,5,0.000211279281009,False,False,True,1,high_pagerank
addr_5imztsh2iduxmkluf28ga7ophrqzdua47aa60o4qaz,8,9,0.0002109977349101,False,False,True,1,high_pagerank
addr_zmqcwus0m34n5rl81d6erm5x6jmlzkkh4hgqfu4qc3,10,7,0.0002108650189701,False,False,True,1,high_pagerank
addr_pnlmkmuc8cuac9rq6u9ir8oiow1mjjd8y4e70lprxf,11,6,0.000210836437137,False,False,True,1,high_pagerank
addr_dq9loq9pkyj2m1kjderaj6hr2envrgo8x1452qmxw7,8,7,0.0002106520125363,False,False,True,1,high_pagerank
addr_6bu9xrdt1n0nrxyco8rbt4obks3ii3f4x2jpkvcbzy,9,5,0.0002093242088044,False,False,True,1,high_pagerank
addr_e0dnic8l7s6c628v8v3f4d9rtb2yptdza06on5ko0k,6,5,0.0002081286122083,False,False,True,1,high_pagerank
addr_om1s7lz0e74fppalpvtfqmocxb7bme0hdwfj3f7fj7,9,7,0.0002080873251917,False,False,True,1,high_pagerank
addr_bygp47qg6j6f67y7kqcpw82nzkop8njdfnh6sl8e18,7,11,0.0002080655035433,False,False,True,1,high_pagerank
addr_f96v00l2aom8dckbb04rham2xbfyo7at62rmpxugyt,7,6,0.0002079929154282,False,False,True,1,high_pagerank
addr_msfkog258lzdloxvk9z8u34i6qvlc702m13o38f4a2,12,9,0.0002079793848444,False,False,True,1,high_pagerank
addr_o65e2235ohlcf8mcmgyc4q4qnwmwvreqzy1039w2r8,11,10,0.0002077582504488,False,False,True,1,high_pagerank
addr_5iu9kzhfq1600qp6cebwpyzx0rcw3uuauke2cdqvah,8,5,0.0002077553467178,False,False,True,1,high_pagerank
addr_9dc1u142twdxsdc4c6kto2zlknf4golku0a7qqeiym,7,11,0.000207353081789,False,False,True,1,high_pagerank
addr_yzcduvqdzo85junvaqyk8wbw1i1o934rrgmm6zb9ig,6,5,0.0002052826830007,False,False,True,1,high_pagerank
addr_nvz8328ab5kq0k1bdnk6s6s5cg01xgql16xjpub9mp,11,7,0.0002046620368447,False,False,True,1,high_pagerank
addr_hqq0wsvkm6t9qz4fg5wl1cudb47voohh51kk1jmpft,8,9,0.0002044089733965,False,False,True,1,high_pagerank
addr_oc7rr7q1qiqehfv9f64hxrl2qr6f1lar05su7wejuh,10,8,0.000203970230667,False,False,True,1,high_pagerank
addr_esgxbsu3hxdeo55l5gkm1f8ivn6u094gxqgu88wzjs,8,8,0.0002039437274893,False,False,True,1,high_pagerank
addr_z2qtmvmt2odlkcbyvud1z2n26bc21zwldbceedoio6,9,6,0.000203896760615,False,False,True,1,high_pagerank
addr_p6qhwzwn5qxbwdgrw5hxxl3mm184h7tt2djygoqadd,5,7,0.000203877485134,False,False,True,1,high_pagerank
addr_qej6fdz0eh4uj70gyvdpt6pkscu6mxscuhwa9hieop,11,3,0.0002027227671002,False,False,True,1,high_pagerank
addr_g623j737xrnrmepsv6txjn6y830x7q3vqjddgb9s7s,6,4,0.0002023924659098,False,False,True,1,high_pagerank
addr_3ruq5zj74f4bu7cbde0h5rlpgkbdx0z05h5r7y3gv6,7,6,0.0002019008544714,False,False,True,1,high_pagerank
addr_voj237k2ekxew5xqn6225q8mt7tbbadfs1bpexh5zt,12,10,0.0002009952048112,False,False,True,1,high_pagerank
addr_n01hiefj7511x0lpcj0hq92lfvo6wrxyl84q34b2nc,12,7,0.0002008869537269,False,False,True,1,high_pagerank
addr_505jqa207husekmyjlqnvi1sfvm914czot72u15dke,11,10,0.0002008226853199,False,False,True,1,high_pagerank
addr_vbxtx0710zcw2mogez8tpi4x0n3g90uj2r1z6p74rk,12,6,0.0002005333403543,False,False,True,1,high_pagerank
addr_2nhnuijscwwrffz0j0qi247n6fhfrgzpdo51fynxcq,10,5,0.0002004067308754,False,False,True,1,high_pagerank
addr_7mzzx828kb9b2z5z7kmyh9cagkr56vnmaapzr9otq5,12,3,0.0001996774129027,False,False,True,1,high_pagerank
addr_m06hce0lo1z2qs3nxppbdsdhpvidqh79umtiuwq0wc,12,4,0.0001991509882623,False,False,True,1,high_pagerank
addr_7lu3743ugt5bwq58ydqyp49k57xiud8n1tgl00fuxy,12,7,0.0001989475356586,False,False,True,1,high_pagerank
addr_b5lw6tnawselzqfpqn1idnyy2qbgn5j674jrau6yde,9,7,0.0001986716761431,False,False,True,1,high_pagerank
addr_vnf21usloua2hhkfj27jaa94zrzrlq9wclyb4switq,10,5,0.0001982301699315,False,False,True,1,high_pagerank
addr_6zifhfwz3r2l9ec1xyqiwnq3jkjngqdn1kvalamil5,13,6,0.0001970784513192,False,True,False,1,high_in_degree
addr_62dtgs6rpj8zwpqsf5mq8xt7t8bd4dz9jqo5yu7lnn,13,6,0.0001956143380341,False,True,False,1,high_in_degree
addr_vm7m2r63f5xpm7n8dina0bg1526q3e207esf1evcuz,14,9,0.0001949154458125,False,True,False,1,high_in_degree
addr_i7hk1vb3xfpjzffeob7f3gfa7xcl59w4yhm9nz933e,13,3,0.000193319907222,False,True,False,1,high_in_degree
addr_gkrx94258a0402b0x6edj5w5cuuj7rzalyiy7v0env,17,3,0.0001923416496974,False,True,False,1,high_in_degree
addr_fen0b09zivzg92sjp753k48oldc08fc0tr58ps0rs9,11,14,0.000192323141934,True,False,False,1,high_out_degree
addr_c0fmvmtok8410a3924hw8lfk1nq8hs2c39z32hfe59,16,6,0.0001914417773908,False,True,False,1,high_in_degree
addr_izcs9w419zchhfr9iultqdw49wq2clhboqc8g2uazk,13,10,0.0001913579534757,False,True,False,1,high_in_degree
addr_tmvcbx38089nb70bnzrcjebztqgtgcf4sxi1fexi99,14,9,0.0001912505707257,False,True,False,1,high_in_degree
addr_soyg9zqyahulwjtiqwnrhzn4kgeuidjipnf8f3gr94,11,14,0.0001882957120481,True,False,False,1,high_out_degree
addr_8ki4c6l1b00t31xjdm75kscnlxj7hime3bzw1d8a3d,14,6,0.0001882545878143,False,True,False,1,high_in_degree
addr_dd39utj5oi4382htol9lumt24psy131cvupwtu40av,14,5,0.0001875674123592,False,True,False,1,high_in_degree
addr_yqjrh1kp43lzfv6f1fidl9i1s94wdw6dgxpqfnkdm6,13,6,0.0001870914213853,False,True,False,1,high_in_degree
addr_r7vqg7b9ej6yp0gdflhwdq6fbwcfx6k9m1d0rieish,15,6,0.000186048877821,False,True,False,1,high_in_degree
addr_ni82229jvrwqd8jcpix7pgyo9jijwmb89aiittb7qp,13,9,0.0001859072364442,False,True,False,1,high_in_degree
addr_vk8n5jp1pffktqvtc7jiacn2x64rix16lmmufgb5ru,14,5,0.0001854728278424,False,True,False,1,high_in_degree
addr_06iks1nchln5bqwzmscm4vj1dfi5arkdewy0780sa8,15,7,0.0001851284057692,False,True,False,1,high_in_degree
addr_rz4xg8i41rva7mudencrtplyw0bdffe1oh6xm6aqwq,13,7,0.0001835563612118,False,True,False,1,high_in_degree
addr_ecvq2hgdxy6wp6qlj2caehcgp8movqv3goxxx6o9md,13,6,0.0001827467055114,False,True,False,1,high_in_degree
addr_j6evltblgyz5i23dzz045glku0mqiv1xe81r8i6uzd,13,6,0.0001816207933172,False,True,False,1,high_in_degree
addr_dzeaddriqdmpnp6k8ld6t35o0gmb1tiztmyrddsboz,15,9,0.0001811845697081,False,True,False,1,high_in_degree
addr_a5r2jmabtd279t57l9jaq8465w2lwbdl3u1r3m8u5j,13,4,0.0001807484862278,False,True,False,1,high_in_degree
addr_7miik7h5qj5gorxago78cxkmya09hisy9j33wfjsbn,13,9,0.0001802365173014,False,True,False,1,high_in_degree
addr_pr6jnmgayqtf9hwxu2zpsc2ecv6sw862zmopwiq8g3,13,5,0.0001790530046503,False,True,False,1,high_in_degree
addr_4f4fo8yfxv4elcfcna96nfiwh9syxm7adhspjm0ksl,14,4,0.0001781435846669,False,True,False,1,high_in_degree
addr_aysq85d4b9add6v6gnijh6dthp43ljp6he46fzd6va,14,10,0.0001773528072275,False,True,False,1,high_in_degree
addr_plpinjix752ui419bvhpqtsvxoyi0enajxzfrpwkox,14,10,0.0001762430601453,False,True,False,1,high_in_degree
addr_ak5n64pnn621k2h626rcsvzdmcp212wlv1li8rntv1,14,11,0.0001758264029067,False,True,False,1,high_in_degree
addr_f3szjobje3nv0k1dre6i8e9k7fw0a0ymh4mxc0lhzk,15,8,0.0001755093607927,False,True,False,1,high_in_degree
addr_dn0n9in1ypvzy4jlc0vjr0lttkg1l4jg4ysjhsn88e,16,6,0.0001754351359339,False,True,False,1,high_in_degree
addr_86jsxrifr9pzj7cdl0c3lq9hitgeux3aojbujt9z3o,13,3,0.0001753659763029,False,True,False,1,high_in_degree
addr_6esxhrwls1otpbisd6hnednx1aoasd4sw5n23fh2b4,13,5,0.0001752874283298,False,True,False,1,high_in_degree
addr_685b938gqdl8tmzqsqh4ybmsrmsqkb6qjpu8xabmdq,15,8,0.0001751291905067,False,True,False,1,high_in_degree
addr_2abkvblpxajmk4x1fdj9hvchrm3wp8djkluyluyhet,14,13,0.000174736756905,False,True,False,1,high_in_degree
addr_4n89qkns832ejx5td44k1j6fp8hqmabsi9nb74x2ek,7,14,0.0001745417104699,True,False,False,1,high_out_degree
addr_3xwzss7zq116nsz1q4nzfu4a9aq54r28fmy6qfd6eu,14,8,0.0001742447207534,False,True,False,1,high_in_degree
addr_hrac9pt8jt0xf4hqg39ghwibbuqy9a0vna5bqzxdx0,13,12,0.0001730459323555,False,True,False,1,high_in_degree
addr_uecpncc2keivli77jzc58cu47soczdq7jbmjm1ft07,10,16,0.0001729589808759,True,False,False,1,high_out_degree
addr_tzk22ijtb7z5oyoqebmgg84yy3aic27q6gjg279iuy,13,4,0.0001715320518025,False,True,False,1,high_in_degree
addr_3vgcl0d4ep1rq7bag1onz32jkv9dyo90derned1upv,15,11,0.000171478026542,False,True,False,1,high_in_degree
addr_7uiw0k25424nmm0wrfccb62iqoz7q8nco7n3xgp1lo,13,10,0.0001713503257252,False,True,False,1,high_in_degree
addr_948u3lq28qaqx9v3ed46kihokm948iy00g0bf8zq1v,13,7,0.0001713326747043,False,True,False,1,high_in_degree
addr_ozeo35vm6ac823egtyn6mhj1ri7m4ues1nghpcmr7l,13,11,0.0001712371943703,False,True,False,1,high_in_degree
addr_e6g0fx5og8rf623u9vh275h2disnp7kdmnfkudsdpp,15,13,0.0001704998554761,False,True,False,1,high_in_degree
addr_r638pzl41kyltfx71acbr53yfzgxlllk171htjxdcm,15,12,0.0001699380686672,False,True,False,1,high_in_degree
addr_iriiqus3t7c69bfiqo60a0ryqpfqqb5tnn41wc6llc,13,7,0.0001690595767295,False,True,False,1,high_in_degree
addr_oyitqdl60a3o0zmea12tfxfxyhfv7xvndsbi2ctjrc,14,6,0.0001684445053732,False,True,False,1,high_in_degree
addr_4v03z7buaqavbgivagrkzxopvw7h0atr8ktodrayo7,14,4,0.0001673059374609,False,True,False,1,high_in_degree
addr_11mvzhh4kiwriqrpwfhfvvnkicp2f8qa1rpm8uh17j,13,9,0.0001672437680639,False,True,False,1,high_in_degree
addr_qw6k354jcdw4j6j93ggr6jrz9jcdv68hno8x54cd6z,13,2,0.0001671411383167,False,True,False,1,high_in_degree
addr_pgvtn4ypkw7493dxwor17dpubkpiqnhqe86o3z0ani,6,17,0.0001668150378906,True,False,False,1,high_out_degree
addr_1sy89yt413n67frnkgkd1ag4fyx28xetlwgq124e5x,13,9,0.00016646579109,False,True,False,1,high_in_degree
addr_9gnctijh33ic44tonznq06ujlqv62j16w8minq4o7v,13,7,0.0001663256148775,False,True,False,1,high_in_degree
addr_8xsd6vqreqp3vhukto79i5ib9nfwh7jxns1c7nhrvw,10,15,0.0001660363822857,True,False,False,1,high_out_degree
addr_m705v2prno841f6im0c3vfrnr427qxb1j6jmlbcjt2,11,15,0.0001651688265226,True,False,False,1,high_out_degree
addr_qpbzyg2bqxwmn8fzwp2dw1oik43p5dv5ht3icuuxie,15,4,0.0001651488008689,False,True,False,1,high_in_degree
addr_znzrqmmtg3a9peqtzx7uygov0hzdqjy15g1e95orx6,13,4,0.0001640714005397,False,True,False,1,high_in_degree
addr_nyky4p8pj8lnr2pt8ba00he3zakemulxsdwxijw95f,14,8,0.0001634668521107,False,True,False,1,high_in_degree
addr_v4zw2iwkueu38cy1r75uyuuyoqvqw51vhhqhvg2rt8,13,8,0.0001629472951433,False,True,False,1,high_in_degree
addr_2pn0lini970hhb1xdqs9q0zundiq28ft412ysaiio2,14,3,0.0001619179454637,False,True,False,1,high_in_degree
addr_vn05c8mydayh11mysm3h3tf2nnmyujqecnml5lkvlx,13,6,0.0001617656942646,False,True,False,1,high_in_degree
addr_nbvwgn26ud3092coy3up12la68fm215xk8vxs84iyu,13,9,0.0001614548666669,False,True,False,1,high_in_degree
addr_hhad7or7soxs9vswfdf1sphqrpfie2pk91zbe0m5lk,15,5,0.0001613515383995,False,True,False,1,high_in_degree
addr_jmpz75zsletj8m9ese59xn1n38dcacfok0drju484a,15,7,0.0001612960353587,False,True,False,1,high_in_degree
addr_9qq99u87yk1rdnyop2rrmdt3yyx32wrmsb1jqeoh80,13,5,0.0001611806941666,False,True,False,1,high_in_degree
addr_82saljrc474urizw3pe30xioj1qftfdx0ug12iau1q,15,4,0.0001609634872369,False,True,False,1,high_in_degree
addr_rdjwxlz8lm7rgg0g29xxiezn4l1o747djcxwawbhxp,13,10,0.0001596350482655,False,True,False,1,high_in_degree
addr_7rwj3d7e93l5hfem18ubruwx3kn82z8risind4it3m,15,8,0.000159444638874,False,True,False,1,high_in_degree
addr_vj7cdxj99tdo6k1kpa0d0xg6m2fuy7cdwowfwsj62m,13,8,0.0001593250812341,False,True,False,1,high_in_degree
addr_z8kidjvc0zckfzwsnuw4qg52z1l8b3myl5zil6ww2e,17,3,0.0001589719792507,False,True,False,1,high_in_degree
addr_6rs6kycd9zlbwwqjc4i75dxidaexh0j4ohh2g94zhz,13,10,0.000158759338922,False,True,False,1,high_in_degree
addr_x6a6fuu8wmznuh63t6r445ttp6dn7f7mqzhwefra3z,13,8,0.0001587005073939,False,True,False,1,high_in_degree
addr_ftg4cvxy1v4rccv39x99429l4i0sawf4zcnjz1mgie,14,8,0.0001585715398425,False,True,False,1,high_in_degree
addr_0kiruc4y2b68roxp5azppisdb96sqmnhvi61acl6d6,13,3,0.0001585148678423,False,True,False,1,high_in_degree
addr_4axhbzuwn2olljl6vj8so8bi9kdpiz4deeyvhaw0zl,14,6,0.0001579716095537,False,True,False,1,high_in_degree
addr_sbtwl6ozbd036hx5f9ay2ucoy922zl6xgy4dj4n4s2,15,8,0.0001579453250067,False,True,False,1,high_in_degree
addr_5hwx7q9ed8ip7oud8o6n309gamehqkeywtyljbayw5,13,13,0.000157657950531,False,True,False,1,high_in_degree
addr_ngb20bzsl849ax5bzjz3d0g0rcmyd9i23s2niox4k3,13,10,0.0001575347371313,False,True,False,1,high_in_degree
addr_cohc2p7j75cdzh5331ow459mwffmgm751mkey4b5bt,13,11,0.0001574636679507,False,True,False,1,high_in_degree
addr_d0y4q9yg0qlwe10w7tua9gydbxe1bf1vgm3lm8fhcc,12,14,0.0001565188933379,True,False,False,1,high_out_degree
addr_7hb3ngmdbsc2jjmi7qs186lwnv2yj7c4i5tk86tpki,13,10,0.0001559930938119,False,True,False,1,high_in_degree
addr_a1kx7c90t3splt50lt0pasbzotcu51ytneme1h558v,13,6,0.0001545479357025,False,True,False,1,high_in_degree
addr_8vy6fk45dg2msdbtm3bzebz88iyj9ozgrc2y7n9pcd,15,8,0.0001540900272832,False,True,False,1,high_in_degree
addr_k680aclpj0i39ibsuc81hia7303k4ra14dsrztksvf,13,6,0.0001540310749615,False,True,False,1,high_in_degree
addr_my5tg5hj99vaejvobvoliyzicxhrqv9w2zzs7cczwi,13,1,0.0001539185474199,False,True,False,1,high_in_degree
addr_hknorqf1jwwdiem0wn9kz980hp0opuhdjad4sfa0r1,14,8,0.0001529119400016,False,True,False,1,high_in_degree
addr_x1whilbuvdkuzg8z7o8g3u3b7pd8zzn9ws4k40bxvy,13,8,0.0001524938168186,False,True,False,1,high_in_degree
addr_gjxo010d5xjqtvm2in25h19s634tesn9duupj53az0,13,8,0.00015158760895,False,True,False,1,high_in_degree
addr_0tpac56t4ufel6246hid25owf75935a0l7253j2d54,9,14,0.0001506777293641,True,False,False,1,high_out_degree
addr_qw64b9kkc21p4u0nuje8vlweqd6r5fl42vlbfj06ds,13,6,0.0001505241152224,False,True,False,1,high_in_degree
addr_8nm8h174tjh56rnckrpeqw6yqef864bwx0s4t0kzxg,14,5,0.0001500784845963,False,True,False,1,high_in_degree
addr_9i4exertaok31vmu3ijr3l3b7278zag9ea6fwgiptz,13,7,0.0001499566282064,False,True,False,1,high_in_degree
addr_6yshhyafvnuy822y0eap50sw1oq9rq53utiumw6asg,14,8,0.0001497183080453,False,True,False,1,high_in_degree
addr_op1627fq0piacnue2nft8duu7vwg59eh3n07fgq1t0,13,6,0.0001490937164852,False,True,False,1,high_in_degree
addr_7564eb59hct2aalmjvkfcnxh0dy6c8sy1odxwtakya,14,11,0.0001487572483399,False,True,False,1,high_in_degree
addr_fmo8nc0jc81bk9mr1psluxp2vlj8qslv37m4ilan0q,13,3,0.0001485871260424,False,True,False,1,high_in_degree
addr_qvvr2d3zthihpmx721cmeezfe4wdr8adgbm04yqxjt,13,6,0.0001484764350296,False,True,False,1,high_in_degree
addr_zzdw13697fhua22208go7toblnqk79hqc82jdrgrds,13,3,0.0001484236333291,False,True,False,1,high_in_degree
addr_tb1ppqvq1hu3fiqg01pyd819etpg2o8xghiy1bfw7j,16,4,0.0001483007438752,False,True,False,1,high_in_degree
addr_u73ha2rlm9rlzifyqjwearobrijjjkq3l7046zmm4g,13,3,0.0001482214967854,False,True,False,1,high_in_degree
addr_8vqeotiecbtophnq6yuphbnlmv562b870fzwanjfoa,13,3,0.000148211733092,False,True,False,1,high_in_degree
addr_q8ej75hsa5ra2m53ir3uxsqkbxcsi0zgbfnkb3i3zz,14,7,0.0001481846013472,False,True,False,1,high_in_degree
addr_cs6sg39ecd4b3cya9swxb4bap5hp4nkciugrt0hnql,15,8,0.000148037778637,False,True,False,1,high_in_degree
addr_l4zckhn0c9z4bxzfy96p5wpeikz0629ckybv8m07nk,13,8,0.000148000169351,False,True,False,1,high_in_degree
addr_2gkqraffz8q4vhu4bawz940vtkrrvwy3rztplc6prr,11,15,0.0001467427496883,True,False,False,1,high_out_degree
addr_y8kb2buc7ej59o2z4y6d4vn92s7nmzhvv8wzbq7w9x,13,8,0.0001465377609224,False,True,False,1,high_in_degree
addr_ptwo6lfjh12uxme7a0b5p8pfyzvg94s7ezs56s5wpc,13,4,0.0001462334445145,False,True,False,1,high_in_degree
addr_js12qfawl86penhqqt7re6dg4hmazruo997mrk84h6,13,8,0.0001459745690101,False,True,False,1,high_in_degree
addr_nc88osrb28esofibrccbghy75p96oy9onnmi8n12v8,13,7,0.0001458411646304,False,True,False,1,high_in_degree
addr_dc9frdec54wyj8hyeu9vpb5saxuw4cxhyl5jxqpuuk,13,5,0.0001458291150026,False,True,False,1,high_in_degree
addr_z8vgi0ftmv0ukwdhmjjgtosp3e7n3ug1mkp7sb8ycs,13,1,0.0001458259557542,False,True,False,1,high_in_degree
addr_m2xcby5bz2k1vg5jkkt67hdrzjfzm0dxkhw1xs7o5o,15,5,0.0001457755940962,False,True,False,1,high_in_degree
addr_9q7zx5caj9ylx8ujms5cxmatv16yq7vfy4avf1nl9u,13,7,0.0001455198108671,False,True,False,1,high_in_degree
addr_yd0khvx324kh38hsl1fgdpqj9uaw89oa2xc02qnile,13,5,0.0001454951812331,False,True,False,1,high_in_degree
addr_g9apqtb7rp7smymipjltgzqzqd620c8fxd85j3ssu3,14,6,0.0001453572517123,False,True,False,1,high_in_degree
addr_bchpi796v44jzj4kn2lwqv1ur1pymmm45gazvvmi17,14,8,0.0001451800479213,False,True,False,1,high_in_degree
addr_keybtlkrmlvsv0ooz8tav8zr0utqcojhegvf1e06kz,15,10,0.0001449368115177,False,True,False,1,high_in_degree
addr_no1z74zl9c3pfq67m7no5wtt3e9vaujidz177b9ol2,13,7,0.0001441209676056,False,True,False,1,high_in_degree
addr_mc13ea57m1wg2gupah55olgirxvetliwbs8hwg9hld,15,4,0.0001436790044761,False,True,False,1,high_in_degree
addr_icpj4pea0ytexbe1k1h8lbe0pknq98b9xb9pkgojlh,13,5,0.0001435877431431,False,True,False,1,high_in_degree
addr_guk2s96e19bdj7dwtjigyyw7an9pq030xds5rwk4xp,15,6,0.0001430154368586,False,True,False,1,high_in_degree
addr_1qyro5m0butgizd1lnv19hq10o9qqwvs6qq5r8d09v,13,5,0.0001425770298128,False,True,False,1,high_in_degree
addr_fp3wj1l96ghe8l00yac9b6j2evjh88zpptg751nsog,13,8,0.0001425189742508,False,True,False,1,high_in_degree
addr_7bew6mgbh6c3xcvmw9jaf92dqu0lbk2q8dp41ysxle,13,12,0.0001422210323322,False,True,False,1,high_in_degree
addr_j4vn5ndcn1wtulqzb0po8byvpjgxkvap4y98nsduat,13,6,0.0001415398383898,False,True,False,1,high_in_degree
addr_fnqfljtvfj1oktsf8t8r0ifej5vkko7i2qtg33jq9b,13,7,0.0001402629852876,False,True,False,1,high_in_degree
addr_sffuwhvbspfrcwhthux1mm06i875hvfwp4tjorhjn2,16,9,0.0001401105876312,False,True,False,1,high_in_degree
addr_s1dyknn2xhayb0eho1rwojzw927vii65nmbi6yrsyl,14,9,0.0001399687138351,False,True,False,1,high_in_degree
addr_8ozcywd14ve92mpnsm43d8w3zp08j3trp0j43d5iqv,6,16,0.0001399490166117,True,False,False,1,high_out_degree
addr_ltvjyfofzh60vxwl6aca4rho2r0wrlsrgpkhseeto5,16,4,0.000139265563701,False,True,False,1,high_in_degree
addr_kfg3vi7oj496bwypae9e62po1ho3w7475d45zxtv7y,13,6,0.0001392559701826,False,True,False,1,high_in_degree
addr_mevvgbzl46ob4960di4c5ezkyxezk9ygid2f1v5z2j,13,7,0.0001391077735262,False,True,False,1,high_in_degree
addr_kk69evwnzlx7tnvif0xb9ei8bgi0upjj0mozmn77kb,13,8,0.00013888077815,False,True,False,1,high_in_degree
addr_mx3b8q68h6dcwb3ev53hx6ocrjpef1vljjjc9x8al9,15,8,0.0001379296677803,False,True,False,1,high_in_degree
addr_jsp4ocflvhh8mxrycneep6com2s7b4tvdixk13ownv,15,8,0.0001378379024731,False,True,False,1,high_in_degree
addr_yvd5brvleonbfsqqyqmwq1t59ex7odgrdlcax86j7u,13,7,0.0001376379930282,False,True,False,1,high_in_degree
addr_c8a1w1m9mk1op4vg6t519uiu59yimm9bhky2pwkqaf,13,12,0.0001374122842466,False,True,False,1,high_in_degree
addr_jvemc2x9t81zwn91gfyz598lbq45ad1yed007t8fyf,14,12,0.0001371889290365,False,True,False,1,high_in_degree
addr_x89dmp79awawdkl620vekpyr9vnidrbuecrnwjqbkv,13,6,0.0001371183767626,False,True,False,1,high_in_degree
addr_25lzse99f77lu8el5015oop767j2dg1wjuiiymyrsv,6,16,0.0001371061933311,True,False,False,1,high_out_degree
addr_hmofv1jwb2upgubw98cc26n4uw4ln71hi6x65cp6tu,13,6,0.0001370977036338,False,True,False,1,high_in_degree
addr_01hoskdo083wu1g2pawhyaedlbgq304db8nv78h3i0,14,6,0.0001367630760011,False,True,False,1,high_in_degree
addr_y1pp05aucb3p8xgagh4rre0uws5yh60afacs0qm9fl,14,5,0.0001363925209042,False,True,False,1,high_in_degree
addr_uaaw6zm2a8ddacyzfl7o5k5ewd6y6uykiazyrrj87z,14,3,0.0001358258021682,False,True,False,1,high_in_degree
addr_kik5r9g5gzdzo5stal8o28x3u49fxitlczsy0q0k6b,16,3,0.000134641395083,False,True,False,1,high_in_degree
addr_jhjqiik95eg57pskyaxd7hh7ntxnm6rt5g69sl1hau,13,9,0.0001341536628484,False,True,False,1,high_in_degree
addr_8jtcpterdc8glhqviepvbqiiuntr9xn6it7mqajfmf,13,2,0.0001338209228192,False,True,False,1,high_in_degree
addr_c5li8ibbq6odf1mmf9tsy66h4krq3vd16c3qliuds6,13,7,0.0001337502068081,False,True,False,1,high_in_degree
addr_uiq4nj2m358t9kfvxviw1hugitw3l297injrqznh56,14,8,0.0001337321774429,False,True,False,1,high_in_degree
addr_d1781o15cc6ln7xjs6k492xx66bt2gm0k0xib7xxbn,16,6,0.0001337265228611,False,True,False,1,high_in_degree
addr_gbjwavlfdjyujjv8lrzsuzpo0zsrql0sckcwwfcy40,13,7,0.0001337198205634,False,True,False,1,high_in_degree
addr_x1obvsu3fueb0jgxpw7f29dk30rvan6qrl57df4jod,13,4,0.0001333559048564,False,True,False,1,high_in_degree
addr_z3425xjyjq9u1dnkqnmj8iauhy1p11rg3bbxfp1umj,13,11,0.0001332862481039,False,True,False,1,high_in_degree
addr_bkaxmhycy7epcmoj0x2ur68xtuooe2z0c5r9x6e4wp,13,0,0.0001329799966179,False,True,False,1,high_in_degree
addr_b0vc20gy9o3oa6c2kc0dubvmg1tu1v6tuom4czh7xz,15,7,0.0001321300391886,False,True,False,1,high_in_degree
addr_vsojrpp7r93fezez5ehr07n8voeubfn9kr2fvb66h3,9,14,0.0001312758401745,True,False,False,1,high_out_degree
addr_xld52aenmfhbg81a8k649k38rn4gaw8wajyvwk5ede,15,11,0.0001305153347292,False,True,False,1,high_in_degree
addr_xpjtqgkq89m7yiz52gp9o0po05ocsz10okq7rwm261,14,8,0.0001304512556139,False,True,False,1,high_in_degree
addr_fdmvjujsc118a1ibh887690t875k9w1p3hia7ogkvb,13,7,0.0001300861004463,False,True,False,1,high_in_degree
addr_4jx0exnnl7d4n3obaes2vvf5dmtpb6rntkgknvq9wn,13,3,0.0001295860295372,False,True,False,1,high_in_degree
addr_ym5h13ne5umuxqxsise2r7jmd63wdm4s6ahzo761vt,14,6,0.0001292982559302,False,True,False,1,high_in_degree
addr_f8pvmpnev8phalj8ho18ur92rau6079pth1y0jupr0,13,3,0.0001291025207408,False,True,False,1,high_in_degree
addr_xyxjczefh187lijywqo2hohybkmsxyuyetnxblq3kx,13,4,0.0001290607153589,False,True,False,1,high_in_degree
addr_dn1th1xjg2y8rgybxkpm21b07g2re6zvlhyl2ld05n,10,14,0.000128504123944,True,False,False,1,high_out_degree
addr_6lxnmvzm0yjna8mz0b8kbo3rpjt8pcocqbr4crinvy,13,4,0.0001278300759912,False,True,False,1,high_in_degree
addr_pkkkjkyonp5boi5afqony8mzchz1hkn2virr2k06gs,14,7,0.0001276409068544,False,True,False,1,high_in_degree
addr_5ws6n8seczk3w45yb387jlybki0hrzt56wmm52xdfq,14,10,0.00012761218816,False,True,False,1,high_in_degree
addr_8pdmitrnwetpbf9lj7rq6rq5ojuzyvozr39szwblqt,11,17,0.0001265442655907,True,False,False,1,high_out_degree
addr_oh9sdbdw2pcn9t84azytjxepq85jsg65kxvf1t2tal,6,21,0.0001257478505434,True,False,False,1,high_out_degree
addr_oh0eys6880qswjcxak308snp059zyfpq660clf8o5c,13,7,0.00012554097589,False,True,False,1,high_in_degree
addr_f2srb64xv3htsllor9g8r3gvl5vjoj6q1v4i82ltzb,13,5,0.0001247960674811,False,True,False,1,high_in_degree
addr_74rs7gu0env5sn961j88qeoz0kz4z7whwkmy9x8syl,8,14,0.0001246123346021,True,False,False,1,high_out_degree
addr_x8l008uhbxlbc8nog85d4f2k1xerp3lyex3sr5rup1,5,16,0.0001244238080531,True,False,False,1,high_out_degree
addr_xc45bnccu3fg00zkom2zkf5b1sa3y5t37szpf9s9eh,8,14,0.0001239315543546,True,False,False,1,high_out_degree
addr_xyywkk263uutzl6u6algyf02kvlvmtqb8nhy1xlaqa,13,8,0.0001237804335467,False,True,False,1,high_in_degree
addr_whhaig8jssyykqnegrb9szd06n35njqvulmw2jd2hq,13,8,0.0001235628383204,False,True,False,1,high_in_degree
addr_panmicrroif47o5e5pctegiac0jqb0wmenvm0fehny,14,6,0.0001229236632819,False,True,False,1,high_in_degree
addr_yw18otzuh7qz5ax0b8ik2rpmgv1opvhce5iqe8i102,14,4,0.0001226575165776,False,True,False,1,high_in_degree
addr_0jez4uigkplrggbi28shqengj9u6v6z8kv8n0wczvl,9,14,0.0001224166148369,True,False,False,1,high_out_degree
addr_w0is19zxjtl00tprob8qjzt111cjx2trx546ipwotp,14,2,0.0001222203578454,False,True,False,1,high_in_degree
addr_cqddaupf9x7a2ee3meyamw0v9421aq11cyqzgolod1,14,5,0.0001216506326839,False,True,False,1,high_in_degree
addr_lq8ju7l8wzxxa6erntquzj6qxg4lk23lny7fj7qmdc,14,9,0.0001210880056153,False,True,False,1,high_in_degree
addr_hif5vnvgo2xx7zl46hwn679adyeb3rii31rlgt3tht,14,3,0.0001210058949361,False,True,False,1,high_in_degree
addr_rh7lay64yfds0dji9kqdgbk2l0d1b4xgmpw5d3go8j,13,11,0.00012065269594,False,True,False,1,high_in_degree
addr_rcx2cshati6gf6irju92jj6t9qojx3t27xke05eb4o,13,7,0.0001205125168457,False,True,False,1,high_in_degree
addr_0dk7w8sg5izv7fpgsn6y2wpemeka4l2ezb1v1smzp0,14,7,0.000119615945058,False,True,False,1,high_in_degree
addr_n42x2ezc7fov2ygnmby49e7eobjlzy1uu9ymszdxim,10,16,0.0001193013824365,True,False,False,1,high_out_degree
addr_2rm0brm7v9tja38kxpsvl2lgt4s6lqhx11e7fh77r2,13,10,0.0001190519786122,False,True,False,1,high_in_degree
addr_gwkidnfe9o1xgjngvspj0lxwtr1ueiaq3j9x2hk5gy,15,5,0.0001185383706719,False,True,False,1,high_in_degree
addr_sw56cwt5wg59ftw0gxff9nk9hz0qz1aweeqj25kwuw,13,3,0.0001181821611985,False,True,False,1,high_in_degree
addr_uwfbq2syyj47cc88rfk2k0jj4ugg6so049rgacwaqa,8,14,0.0001180396120683,True,False,False,1,high_out_degree
addr_y31zb7w7892nozbo34ln6dwalotsvxqeu4tamcnz9g,13,4,0.000117689813741,False,True,False,1,high_in_degree
addr_6k58ma32p2kvv3aend4vt153vqowmmj64naaicobf3,14,6,0.0001161100888623,False,True,False,1,high_in_degree
addr_fjqhs4eicmvmejh48bq9htw6dld9rr4kzvu69mb8xn,13,2,0.0001157672539738,False,True,False,1,high_in_degree
addr_64qnihmxrwhuergle2mhvh6s21fav6hbygk165u4ly,16,8,0.000114647716116,False,True,False,1,high_in_degree
addr_pufhfiywqs9h0xu3vokt4tt7j121608loph2u8ir12,8,15,0.0001140511612087,True,False,False,1,high_out_degree
addr_okja6z3vkp407zn58khpeshacmlagxexjprhjkaojp,7,14,0.0001135492770156,True,False,False,1,high_out_degree
addr_b2rvndfdw79wcxz2ei9212pgyme6rpkzggm0j36tcf,8,17,0.0001131437183908,True,False,False,1,high_out_degree
addr_nvh12es17wlj5jgvqp0rlouzb7m204rrnqrsqzfvcz,14,6,0.0001125371301342,False,True,False,1,high_in_degree
addr_c7rm6j8y6rh05hhiwfd7yxw1tbrwr965r96khub2rt,7,17,0.0001120459527753,True,False,False,1,high_out_degree
addr_nwr8ms3vfb6hteefjsn3yz28c43lysosugbzkhx91n,14,6,0.0001118344815301,False,True,False,1,high_in_degree
addr_vj5czei6wc0359vd1yysxjb2t52pr7zbfcjkf19fmt,14,2,0.0001116744413418,False,True,False,1,high_in_degree
addr_kb700ucrgb93wkcs4kek4aegvfq3jzr25mdf7fr91i,6,17,0.0001111311094708,True,False,False,1,high_out_degree
addr_yz3s8a4hv020sicwzizbp5wiewnxcteqmflyanddvc,13,6,0.0001110365615934,False,True,False,1,high_in_degree
addr_gxabncqkddgt5iwg9mfrq4cadopmqqjehqdyk7cfgb,13,9,0.0001109377214516,False,True,False,1,high_in_degree
addr_vf9u0h4dop2fk1zro8gtvpdk030g9hiuamdustqulz,5,14,0.000110928522715,True,False,False,1,high_out_degree
addr_ytjq0olbkbjrgtl4vcjuf9u6d11rn8g73rgks9wsex,13,6,0.0001107185755225,False,True,False,1,high_in_degree
addr_sxq59h5ji5gfj1892advuhrxyxw1q8g5ey0hiunidi,14,11,0.0001098937987177,False,True,False,1,high_in_degree
addr_2exekrpo89a0lno58e151zsm87j9ctlryfmzf1ty55,13,9,0.0001095871823789,False,True,False,1,high_in_degree
addr_batnla772uekkivm6vpnkjpf4k4tnnd08un6m7tapz,9,19,0.0001092180133769,True,False,False,1,high_out_degree
addr_ybp95s3m0mvdu8ztcjir4p3gxrntd6cgohm921ravz,6,14,0.0001091245141683,True,False,False,1,high_out_degree
addr_sw5m7kbum02sgrm9j2dbj5g96f8keg0x3kmz5yugur,13,7,0.0001089574461482,False,True,False,1,high_in_degree
addr_kgv1bbhg5zmtga46ayn2d7ki3x79955cf72gnnv9ib,11,15,0.0001084988891806,True,False,False,1,high_out_degree
addr_rbhwkubuoaymqjz4eewzi0pbd9zkao77wodo8p2brm,7,14,0.0001079753302106,True,False,False,1,high_out_degree
addr_dd8rlc3qgzato7argco2jr0z3o98j5a2c549pbpywf,13,9,0.0001079551311661,False,True,False,1,high_in_degree
addr_a5u6hc36kof8krd5eqy08p0fodro8bnp84dyt9moge,8,16,0.0001074530134805,True,False,False,1,high_out_degree
addr_l7gqtvva9uq6hh4hxt39q5wr95e2vq9hhbefkmyy31,13,12,0.0001074395170157,False,True,False,1,high_in_degree
addr_8dr5de1dlvkwfi0ud0oeirq6m47x3eiu0689a92wlf,5,14,0.0001074109527466,True,False,False,1,high_out_degree
addr_wr6zozo0ns5w3jiwlbpb1b36s4y1rzgezj8zd8qpdw,13,11,0.0001073022638632,False,True,False,1,high_in_degree
addr_8c1cqg433e1i1p0bq1s9ryllwb7sjwh55hewlgje2a,7,22,0.0001071567668042,True,False,False,1,high_out_degree
addr_pzwsi6nm2epqrteuhk63ar3kal939b1fi2du8qkejk,6,14,0.0001070526299541,True,False,False,1,high_out_degree
addr_r6xup5wxuxv04s012x523qrp9bhkfzdrglufzcyr2e,13,6,0.0001069329494518,False,True,False,1,high_in_degree
addr_9el8hl88kzruin3oeuvtyt8qzpky32orwixz2c9ros,9,15,0.000105806314733,True,False,False,1,high_out_degree
addr_auwh44mv6t2o7eqwkyxide9ut0clb9200j9n84eyyf,8,15,0.0001056713684435,True,False,False,1,high_out_degree
addr_aym9q11zod9gevguk1zg8isz514giu5dsjnctftt7i,6,15,0.0001054100613378,True,False,False,1,high_out_degree
addr_i5wya568pzqgkvitzlgp4dxky894qu24v98ssss1hs,14,2,0.0001054053631097,False,True,False,1,high_in_degree
addr_uw3xfb1qox96b3080jau6kyy4yppevuxv0yqxmfq3n,13,3,0.0001052770544833,False,True,False,1,high_in_degree
addr_lqfs6hn95s2gkfl5xf50i6gbxqj7dpfssbjdx0pkov,7,15,0.0001050353132871,True,False,False,1,high_out_degree
addr_d5b0z14uqcupooj5pwigo75mpx6r4kneue24smpd28,13,3,0.0001040558242685,False,True,False,1,high_in_degree
addr_htvtganr35kcy4yyd1wapyrslkhd1njvzp1i2ul7gg,7,14,0.0001027589337657,True,False,False,1,high_out_degree
addr_s4yen1meuw45seaddu8l73d95ceevzayb201ojpzqs,13,6,0.0001023576905317,False,True,False,1,high_in_degree
addr_s1gd1t53ykyydu3asnrm6dfhg6w3stt1eqc37rln36,8,18,0.0001020272201741,True,False,False,1,high_out_degree
addr_i1yaey910jy8zpmpgjigdpi6wbuzpbup0bxe50zpur,13,2,0.0001019389004604,False,True,False,1,high_in_degree
addr_ybsewyo0cadsmiqacaaff0go357bd0e8c6tcnhjvan,13,4,9.96349061732785e-05,False,True,False,1,high_in_degree
addr_56btchol6f7g9vpvafopwj5bt033y7eytwqjwno1uv,13,9,9.92178000963748e-05,False,True,False,1,high_in_degree
addr_k29z3udrqzo6f4v0gfmpqjfez85a2t57r3vt3o4692,8,14,9.90770295168798e-05,True,False,False,1,high_out_degree
addr_7wlyzfpp4xgq78u42i3p4lfdj2q8d5z85461bochtc,13,6,9.889734137379068e-05,False,True,False,1,high_in_degree
addr_pwg3xg0trky8ryozdppbquakx6wb68q0j9m4smzocx,7,16,9.857061013599097e-05,True,False,False,1,high_out_degree
addr_skj9wsi8gizixr7kwmcndyf4h6dtam0xkfsismp969,6,14,9.79525379008566e-05,True,False,False,1,high_out_degree
addr_4lr9tjq8zgvwwusxlmt2pnjka34mqa78rapkianouo,8,14,9.76798588902396e-05,True,False,False,1,high_out_degree
addr_k13ssvc71hsrgg9bbip4ww0kbxdtmclbf21nw5xteh,14,8,9.741252887394664e-05,False,True,False,1,high_in_degree
addr_8ajvkwl4o190ae77i1660aeh480o4byim869h3fw1a,14,9,9.682752992945584e-05,False,True,False,1,high_in_degree
addr_dkr7b88sst8pe9qtnpdy5ffhc75iwy0kjqf85i4obl,11,14,9.57607300883491e-05,True,False,False,1,high_out_degree
addr_9pciflwdr3vwmjdimbm271w1wudcbl4ce7pkwcyukn,8,14,9.243947455626414e-05,True,False,False,1,high_out_degree
addr_m92qj9nwnthhtc45jh205vq4007czdl5f9kfwgwejd,16,5,9.241163496223732e-05,False,True,False,1,high_in_degree
addr_2elalq26unvsdkv54c6p1llh2r9peglnukx496k4o6,9,16,9.237439449598962e-05,True,False,False,1,high_out_degree
addr_b4qbiiqwtrpxm779eejoko9fhb5tno2gmpekobk4s7,10,15,9.191751639002388e-05,True,False,False,1,high_out_degree
addr_3ih66w51ob537qo4z533zsmv30qabxw2eowlcfs831,8,15,9.102125750137138e-05,True,False,False,1,high_out_degree
addr_k217gupj48579wnl1xeq6duzc3etcodiuhdw67fd45,6,14,9.074410211131304e-05,True,False,False,1,high_out_degree
addr_6parsg70s1f537ye0qzsa7yvdqbsxlul6lgjlpefja,8,20,9.042465823641768e-05,True,False,False,1,high_out_degree
addr_8lydumyvfm8zzuid2rgp9x4g5m280a5bqo7wsvi2wv,13,4,9.021675161963286e-05,False,True,False,1,high_in_degree
addr_tmy0vkh39x1xcg0hdar383jwvsz5tnera23u7oub72,10,14,9.012897323593504e-05,True,False,False,1,high_out_degree
addr_qqm80dg1f65wlgmx980atgccgza84070zewidffkhw,6,14,9.008456410112805e-05,True,False,False,1,high_out_degree
addr_f9oql14axody9m8xosqczdk6occh9kbg77127eso4d,6,15,8.862514251525437e-05,True,False,False,1,high_out_degree
addr_lp33hzrzjw1ea3dadduntyzk4fm6ngmbw71k9ejbcz,8,15,8.854447194666228e-05,True,False,False,1,high_out_degree
addr_2bwqnxf6hyd6i0byvs4c3g4c1arr5tgi7xl9oem0vy,14,8,8.846006074871985e-05,False,True,False,1,high_in_degree
addr_8479r1133d91coo004ooiiuhti7f2eywpajo3jrblo,8,15,8.833966074816165e-05,True,False,False,1,high_out_degree
addr_z6cp7savzebu2y0oy58f1n2ojgfhz52qzskhztgbib,9,14,8.722595439981091e-05,True,False,False,1,high_out_degree
addr_2xcb3yym33mg1zaq7qhak7mdwkzirnk6zhh3o5urtx,6,14,8.636741560337322e-05,True,False,False,1,high_out_degree
addr_o2fez4m57ja8qsb10u3lvst9emx6y8jso4jf7231jd,7,15,8.63411438468652e-05,True,False,False,1,high_out_degree
addr_nlpa5cgwfhdv37ic0lzigikqwj2c9ogps0132an417,6,14,8.616549609825903e-05,True,False,False,1,high_out_degree
addr_kq8sjqontqx45joqynit38cx5dnsvbcq7g4asmzx4n,13,5,8.587544898656708e-05,False,True,False,1,high_in_degree
addr_8tut64taoylbalx7euy4l507xynuaqvyxqaw7rsjs9,6,15,8.40433327331348e-05,True,False,False,1,high_out_degree
addr_nvpmtblxz66kof6lj8tmxfwwpu480la4088deqcgyh,6,14,8.400717187742245e-05,True,False,False,1,high_out_degree
addr_7pchcbn9wszv83xphx2kbvsigbiaf92movs0cdk36m,7,15,8.358039980727889e-05,True,False,False,1,high_out_degree
addr_yj9boq0iq2fa39e3nwxuj3ac6pe63lbqgu3obyghgk,7,21,8.121767759820604e-05,True,False,False,1,high_out_degree
addr_93aczsx0gnzhg8q3gcg1j6oww5fknjmvrydc1au9ds,7,14,8.096152180081611e-05,True,False,False,1,high_out_degree
addr_25dqusb8keh2tzascebq2iokom5p7v9fm5rw7biakv,5,16,8.019695021744267e-05,True,False,False,1,high_out_degree
addr_qtkcd0rlexdw6lqwlvunlpaih0p4e05qmktgv44ftj,8,14,7.972575753046425e-05,True,False,False,1,high_out_degree
addr_6vgtvyfyk3md6x73zca7fxloz2rcu8kd9gnlpyo2m2,10,17,7.952161749575634e-05,True,False,False,1,high_out_degree
addr_3ru7myow8dt8cq1xgbngz6wmdw0fgzvrctlt4q9bc2,8,14,7.851736810716201e-05,True,False,False,1,high_out_degree
addr_q0v35s9tcfop74rmkbr8pk4onupa4x3lqn046unpnm,8,14,7.815001788131176e-05,True,False,False,1,high_out_degree
addr_u17hqli19fkcbfsb9weiwdrx2eqm19cwu77t70vzku,6,14,7.748132263927708e-05,True,False,False,1,high_out_degree
addr_cq99chj755nf4zw9xa3kx7eedtjvzhwjr64dpja1wj,6,14,7.746536430993006e-05,True,False,False,1,high_out_degree
addr_06fhrxjpt2zl15s74nddafs1iym90pkr1ifsi159i3,8,16,7.743480866033846e-05,True,False,False,1,high_out_degree
addr_x5qjicjdan085rntdr5xyfc4kl8cgn0t6dvwrb7f6f,10,18,7.721560590301764e-05,True,False,False,1,high_out_degree
addr_wshmlfzkicwmpeqydbpgvv4zwl3zyt91qe37qqyzqi,7,21,7.632725737605949e-05,True,False,False,1,high_out_degree
addr_jdtvv2y4xkss0kb68rervt997e4uny181acjbc2sws,6,16,7.57030604283635e-05,True,False,False,1,high_out_degree
addr_iv4vb3gzwo69gw5ck8ytps12ulfxtq7qxlqtpvia5l,6,14,7.539035876910566e-05,True,False,False,1,high_out_degree
addr_yn4u9bxf445cri8bixoiq2q4qerxdouadvwkshy8nb,6,14,7.498996205875503e-05,True,False,False,1,high_out_degree
addr_4qxxva2ieuc1hh5lf6a4fejgxaa2ilgb0s0r2sds8b,5,22,7.42317428510581e-05,True,False,False,1,high_out_degree
addr_zareiyaz39pecn0dl5e11e9ftaxp0wfoy4dd1vn8lf,7,14,7.422435214314445e-05,True,False,False,1,high_out_degree
addr_soggy5kov1l28r5p03wvpunwcgbsvk3x8mbgl2mcxn,7,14,7.41945697906671e-05,True,False,False,1,high_out_degree
addr_7bmzrr45ed5ggsj6vv8suoc1y5ayyov84fc3xq8va8,6,14,7.370788881272411e-05,True,False,False,1,high_out_degree
addr_x5ic86z1b98vwct8jbbsxpk48ab13t4y0tb1zppep6,7,17,7.332244076088592e-05,True,False,False,1,high_out_degree
addr_5mua58c7nlp2jhntx6yanxjcm9rbvpstt0i5chqxcd,10,14,7.253437724138995e-05,True,False,False,1,high_out_degree
addr_mygty3addqhkgad7x48wze4ex6u86zjq7w7jp61lfc,7,16,7.168091471034404e-05,True,False,False,1,high_out_degree
addr_ivx1tcjnk1gxjao93met8nklldu5chxkd4jptnkupb,5,15,7.125798714355386e-05,True,False,False,1,high_out_degree
addr_ytkw2837c6qc6k8djzr5swk8tempxkc5i8xomxlvz4,5,15,7.083620460509147e-05,True,False,False,1,high_out_degree
addr_qbzkvcko3tb8kdbnmcrtdbnagy76huvmlwtjfvxjdl,7,14,7.058028063412624e-05,True,False,False,1,high_out_degree
addr_94et146uh25ka5brc511vr12sz0enool97h83xd970,6,14,7.056293419317591e-05,True,False,False,1,high_out_degree
addr_3p15ahdbvzb0oih5csk30lvylkfxhkc856wpr97y2l,5,15,7.03223805474555e-05,True,False,False,1,high_out_degree
addr_ikcidkwnnhj7xvg0fn9xuy41ibljh75lxo6qjiujv6,6,18,6.868931716969413e-05,True,False,False,1,high_out_degree
addr_52b6m0wvhnhft25gq0z83rc86qa3dkll6qndy3k2jc,8,15,6.865679017951878e-05,True,False,False,1,high_out_degree
addr_so0g5d7pw17qvtlq1q2mu0afoh0zjrugsav6voihop,9,14,6.700754087711391e-05,True,False,False,1,high_out_degree
addr_vmefoztp7bd4w1aragdx5o31yhxso7vbgr8w2maiet,8,16,6.680204770065074e-05,True,False,False,1,high_out_degree
addr_he7ur23gdppq0y9dom5igqpki7p5tb94874frhocn9,6,17,6.583397196686876e-05,True,False,False,1,high_out_degree
addr_mzmz2k1ko6xnqxu71sel8mwob4fdd7r1930i6g61pc,6,15,6.503707036570731e-05,True,False,False,1,high_out_degree
addr_jkpx4g164bm29lylc0w1s6rms3d8xdux0ygenksup6,4,14,6.48638077784587e-05,True,False,False,1,high_out_degree
addr_s1k9ye9o2m71hssbelrqvslwf90km3tzk3ny9v20ya,6,18,6.423155124040215e-05,True,False,False,1,high_out_degree
addr_9kwv08hhxfgcaqvkizzqy72wx7ptx63cfl0ukeyz7s,6,14,6.417425368416604e-05,True,False,False,1,high_out_degree
addr_9p3jpxgh30153sflse45bg34iq7zj3swebnvg5vmf6,9,21,6.407754551879457e-05,True,False,False,1,high_out_degree
addr_vfua9bq1btr23qiua08ekxdrkz40aq15o2nqw4c6lb,4,16,6.360207872089552e-05,True,False,False,1,high_out_degree
addr_cmktlzkj49yd82795e5iz31yrujoqw5dsk7n8la100,6,16,6.295923934578935e-05,True,False,False,1,high_out_degree
addr_2a5zesbnjwcilb73bqt9qaaj04hoo11gtfgajdde5o,5,14,6.287616776054036e-05,True,False,False,1,high_out_degree
addr_fwr2f5t82ddl7fkndg1jrj5xfeub4o47en48nysj5y,5,14,5.924116405438683e-05,True,False,False,1,high_out_degree
addr_73s3hxci5a8vuglbuo9t5buct70qiouawmzjadie5n,5,14,5.915207318933362e-05,True,False,False,1,high_out_degree
addr_pnngy254m6wxlzduoc4yduezym50o08oygxu5u6une,7,14,5.893641081559051e-05,True,False,False,1,high_out_degree
addr_ln4pxeo86bl9h0vg9hgelv7zfobd5f5y9pa4qgaehk,7,14,5.84344344607872e-05,True,False,False,1,high_out_degree
addr_gymdm0l2ljk4q5v7c6s5nkb4ehou6qlz2rwgwaj1g1,5,15,5.841191238725803e-05,True,False,False,1,high_out_degree
addr_kjnawnga41izxtnsrtwlxdsc4e5hrdu4xszjnvc7hr,6,17,5.839916574494937e-05,True,False,False,1,high_out_degree
addr_b3wyzxjqyjv84a1x7ov6sgp3jk8xnlo50dw1mf07ol,4,14,5.817220666299183e-05,True,False,False,1,high_out_degree
addr_w3jgeqe5158oqesux9l0ijkcu5x0hc8cah3gdhvs41,4,15,5.793928134204954e-05,True,False,False,1,high_out_degree
addr_slr14szek9eetdug77wl5gu38kxztikqd4x8jbryhs,7,14,5.790041389914526e-05,True,False,False,1,high_out_degree
addr_trpyx8hbbjcdiwzod05jh2mkv0dszrk6ilcg6farmg,10,17,5.776938980007573e-05,True,False,False,1,high_out_degree
addr_cm5owiu6yyq1mxuqahqqdqzynrv6jad3e6idtxgaa4,6,14,5.747868315938686e-05,True,False,False,1,high_out_degree
addr_fn8u8dh4j7o23tl0yhv2uev4nrv6emvkd6wtwhf18c,6,15,5.7218129345579664e-05,True,False,False,1,high_out_degree
addr_1poxrteo2t8fy620n8tteavt8k06moxsfh4gg24479,5,16,5.685942451786831e-05,True,False,False,1,high_out_degree
addr_nbnafn02kbq44c9li03gdij6vruffdztbq56s1l2wd,4,14,5.6608526142892855e-05,True,False,False,1,high_out_degree
addr_30ysxpnngh8riec4d145bm1enf313fpoyipk0qtl3q,3,21,5.647736028659113e-05,True,False,False,1,high_out_degree
addr_0swcyy3rwq8fkpa4e7iajy8akffl33yzr3kt0th19k,7,15,5.586423282870759e-05,True,False,False,1,high_out_degree
addr_szi2skf7pyq35fstwfp9ykklsci4c9mqekwr7mbz5c,7,14,5.539410756756272e-05,True,False,False,1,high_out_degree
addr_mgvu4isotn9uzeryf0992qc6dr08cw2lbm2qsq0p82,5,16,5.496527446456655e-05,True,False,False,1,high_out_degree
addr_jcy4v8urid3u94sgfdk0q09jrnamz6146vey0a94xf,5,22,5.479590880989984e-05,True,False,False,1,high_out_degree
addr_3wppbmqiyfrwskp6rfe64skbcbdpdxujjcsexggoc5,8,19,5.429970041142163e-05,True,False,False,1,high_out_degree
addr_r821uzvgww4fyb8dalfyo1750cehlxslg6mm1zxyvg,7,21,5.372208818536581e-05,True,False,False,1,high_out_degree
addr_vcedtcxnmj5ian8nd7g0l3rtz5tv6g8om08tv4reas,4,15,5.34823754246539e-05,True,False,False,1,high_out_degree
addr_8d0mzhrupflfcywe3dks4f6apfxi5n53egdd8mwe77,6,19,5.343419715244989e-05,True,False,False,1,high_out_degree
addr_ktsg7fxzv4u3bbxux1oxrwk8r2ykccprhvlz049enu,5,14,5.327274637708718e-05,True,False,False,1,high_out_degree
addr_b4bzenkrtaea3rzzzfle6zsxgjtlme1l5gpecimzps,5,14,5.152930568047224e-05,True,False,False,1,high_out_degree
addr_fu9w8gm9pksba1cjdqm0m0dwbllxqg13k57h5r3779,4,14,5.149545178295719e-05,True,False,False,1,high_out_degree
addr_qk4ltahukwqvr1h61iaoim458ax40dtirc9zd76szn,7,14,5.099073307922286e-05,True,False,False,1,high_out_degree
addr_h6t1ntmjsrd9q46nouhfj7upfln4rxyj38xrg2gzr7,5,14,5.033259555445137e-05,True,False,False,1,high_out_degree
addr_wgt2lb25485hcqxcs1xsrqlnzzrjo7vbhh5ol5u7nt,7,16,5.01134236417849e-05,True,False,False,1,high_out_degree
addr_wa36y9zyp9f8it3346ckbm2daq3dcgu490k7buyp9k,5,15,4.9732462016287584e-05,True,False,False,1,high_out_degree
addr_lasrmjanjpj1eqmax3a42nbnp6wecbcnt6g1xnk44s,8,15,4.969581489554622e-05,True,False,False,1,high_out_degree
addr_mt8vt43pt5r5rc6zs62ywe1g983ep9p9w4j66cnolj,5,16,4.953680226958004e-05,True,False,False,1,high_out_degree
addr_i5hhae332l9qkv73ic761405rtkfc2e0q8dvqnt9w5,3,15,4.890926460780342e-05,True,False,False,1,high_out_degree
addr_ught7ehmgoloqc3xnchkv9dt94g8v9zy9ylw5l4rmv,4,15,4.880828914786119e-05,True,False,False,1,high_out_degree
addr_yxyur4sor8wm9lbb4m0a6mdmmmxixv6ckmalq5u6jz,4,14,4.8245116041389845e-05,True,False,False,1,high_out_degree
addr_9iy4x41dntcagrp2u4dtbh55rbc76ub7l8v1zocfi4,6,14,4.801943609510271e-05,True,False,False,1,high_out_degree
addr_in0ihmlerpttkqw822rioxrcuozhros8clhub5qofa,6,17,4.79432814946879e-05,True,False,False,1,high_out_degree
addr_dk96y3679mfuilij1gew4o0qxg2e0mh49og2j52i62,4,16,4.7508518906142223e-05,True,False,False,1,high_out_degree
addr_soy3xtn8wo488quoogepdtzfsvvfjgftlwzsrhvw8t,4,14,4.679272890997057e-05,True,False,False,1,high_out_degree
addr_rrpzlk3e4xyf9igfu8iogxpbwhvnzh13cd5glqj5sx,6,15,4.666605099309583e-05,True,False,False,1,high_out_degree
addr_5n4u5c5jaxf856k3ypav6x92k4dk9a7x1ytn0dhr7z,4,14,4.630925156591391e-05,True,False,False,1,high_out_degree
addr_i3qk2iagl58kxo9t7e8g8jdp0lvsnujza7tz0yncxl,3,14,4.617649236486575e-05,True,False,False,1,high_out_degree
addr_7ooxk0lpdllksfrh6z6ewky7a2uo06z0drcxj0859c,6,17,4.613223722084656e-05,True,False,False,1,high_out_degree
addr_uyucecjuis2gy9ytjuq7x7b7p9jyqn15ikpqahcua0,4,17,4.558580864291833e-05,True,False,False,1,high_out_degree
addr_j0ak269ryohcknewjr73cknu2mwm3728pu8hn8xz4o,4,14,4.551766463291047e-05,True,False,False,1,high_out_degree
addr_v1mzb3i4fieecy2c11bd2scejcy127h6gmd478mfs0,5,22,4.510629018496564e-05,True,False,False,1,high_out_degree
addr_rwedbcy8nyfwdc112hxrjm4t8bp6nlnqbu4kzrezrd,6,16,4.50074479473346e-05,True,False,False,1,high_out_degree
addr_oqsmtj8g4zlo0aleb1nvvv0rs97dgobi9krtoulrvm,4,19,4.369517425048234e-05,True,False,False,1,high_out_degree
addr_7x3bqwrmwlma6gmdrdsferfxiokpg3dp4fmpm5hgbo,4,17,4.363829933115349e-05,True,False,False,1,high_out_degree
addr_lqjidknwi5flul1rsrla8s8hmbr5xqt4p501nouhtc,5,15,4.323995640427075e-05,True,False,False,1,high_out_degree
addr_e2atn2twdl9zs13c9xqym52xg8p6befflzm764jwte,3,17,4.298178253918899e-05,True,False,False,1,high_out_degree
addr_j1skv8y2x8j87pswyqbz6ugfhftxpo0qrkwv7jprkp,7,17,4.2803699654272266e-05,True,False,False,1,high_out_degree
addr_gnzs43c5ba75uuzpeal2w37d4ivsolmlgses6m033i,6,19,4.164345612005781e-05,True,False,False,1,high_out_degree
addr_gsq7aitmofmmwi9s3w563btkf6xdn8wwiif86lthet,6,14,4.135471281722304e-05,True,False,False,1,high_out_degree
addr_rem5puu62rzv1sqqq5l2xoiot860x5zu2zueugwubu,3,14,4.090766602460891e-05,True,False,False,1,high_out_degree
addr_yts8ympx1pisu5sxvqegt04jwe3zlbnzms0jg1m5pk,5,14,4.083911574390707e-05,True,False,False,1,high_out_degree
addr_ns1465keolepp0e669i481icmj6p0roed7vmyg7sxd,3,15,4.07354664982983e-05,True,False,False,1,high_out_degree
addr_4vdpovj2u8s49y493zp6mxx6xt8he91ycxggrg8rpf,5,14,3.960815294291449e-05,True,False,False,1,high_out_degree
addr_ob8u0zmy6xfv7rdgd2d2rmg4eqvk7wuc2t8xmld5d5,4,14,3.854921376341899e-05,True,False,False,1,high_out_degree
addr_3dd03uvulemx15z8vmuhxid4n1u3493wxa73jgzlma,5,15,3.772208557686626e-05,True,False,False,1,high_out_degree
addr_109zdo0d3fvnv4kfq5dz53x1f8s0x7m2mm4p61nhvc,3,19,3.716972729382825e-05,True,False,False,1,high_out_degree
addr_4pvu77xcb83uwa0sd2dbn27zdiwq3l5au0qxxqk0r2,3,14,3.629215951335235e-05,True,False,False,1,high_out_degree
addr_hdpwvbz7cn0eqwmi6kti221xj7wwudqvdk6drn4ora,2,16,3.5752712768444085e-05,True,False,False,1,high_out_degree
addr_w7g9zhjdinfxvw9g5091nclpdh14vx45zy0qh1gil2,5,14,3.4352783301111594e-05,True,False,False,1,high_out_degree
addr_3y681ddt8yk4cuc6jzmnrpnuzfhqdr0bkn8ye9pn93,3,14,3.423712755668274e-05,True,False,False,1,high_out_degree
addr_2l6j0az77lithu1km1gv9dw0e5iawp9mmif2t55dio,5,14,3.398898939089366e-05,True,False,False,1,high_out_degree
addr_25sq8croyr6ccvcjwtl9tqvdz4x1zhqimqodpxnf7c,4,15,3.377913242272714e-05,True,False,False,1,high_out_degree
addr_t5ncjocouvfghgw1ccyqurrv4x0q0ia2c1tiojk2pr,3,14,3.2903524915091096e-05,True,False,False,1,high_out_degree
addr_5jscydnf742yzs5dg59itnrmgn77wf283c8gu7tpt3,3,17,3.1736139469879794e-05,True,False,False,1,high_out_degree
addr_000oje4efjq90mg2zzbo43qcyphx8sge76ufudrfgc,4,15,3.150185875312336e-05,True,False,False,1,high_out_degree
addr_0a7yljm13zrcz6xfemei2hksflnswya3b3v6t3ggxs,3,14,3.140095486916725e-05,True,False,False,1,high_out_degree
addr_knwoqb0d111nq881zs6n1th881nz89ru44zv8nynhc,2,14,3.127677922016112e-05,True,False,False,1,high_out_degree
addr_3zezqacj4t0sekkbp2qd6vasifpwioxd9css9toqw9,5,15,3.1129456054888244e-05,True,False,False,1,high_out_degree
addr_owgzrixa11dpg8sbi4q2y9v86wzs3t60rjiw1swjck,3,18,3.0132906423780237e-05,True,False,False,1,high_out_degree
addr_zy1ayo9fi6wf8jdqtc9xuqxyofhkadnshfn2e9wi0g,3,16,2.9242090066509852e-05,True,False,False,1,high_out_degree
addr_44vbdpr3bsl397fno4085sw95ccsmfr8zx0g5yv7o2,3,14,2.902196249004752e-05,True,False,False,1,high_out_degree
addr_c8cynl63gaguvb99rwtf07gbasf5ehlh07jr8mtk0r,2,17,2.8962374879147383e-05,True,False,False,1,high_out_degree
addr_xlpu0dk0get8t63j3r30me8f840982n2atqyyv37di,4,21,2.8106120833719683e-05,True,False,False,1,high_out_degree
addr_ehpzrv7vsyjafco3s65qu0k5qzzkw3gi60q6guo8i5,2,14,2.6076885794658244e-05,True,False,False,1,high_out_degree
addr_pco9yfn4mupmudakrxnqifvbae81csf6z4qgj1iqnz,3,15,2.4421112841315023e-05,True,False,False,1,high_out_degree
addr_05xygluyl25au1xpl1sfj21pu24giwvvh9jzpvnjr2,2,14,2.255926539343985e-05,True,False,False,1,high_out_degree
addr_nca1adn37p8d3holoufxp1q6z90wr9fx5zu28wu3ie,2,14,2.1456731338074745e-05,True,False,False,1,high_out_degree
addr_1iyfbbtcq3tkgr11ehcr6k8philus4ffwapkyru9dy,3,15,2.123437928908118e-05,True,False,False,1,high_out_degree
addr_31fi0n6dgg5gr0xafgovcci68ds03vna31xbidfwa8,4,19,1.986558861989525e-05,True,False,False,1,high_out_degree
addr_b9xv8wobiry8xny2x15xjxnecrysauuj02grxpudc6,2,16,1.7091127364813282e-05,True,False,False,1,high_out_degree
