address,in_degree,out_degree,pagerank
addr_74ivxnjs23xqavcur5dlkgd4hvxfgbrw6ecrgzvbgr,12,3,0.0003750189558326123
addr_1kvldhp3a0mq4xo06r9dd6eaf0ezt9lnbohuxs928q,13,4,0.00029449665396723247
addr_1s4c8x6osy0twq2vkzuexwpr2mrc6l2m8vmhsgr27f,11,7,0.00029275819130000145
addr_gxxzdggvvswq520jt2yrnbaom5a4vbfrz4b7qkq157,11,6,0.00029038229043850636
addr_7cxp8i31gujmmfsqivmcbbqgtj066ujsaanqbmj6vc,12,4,0.00028467283745246754
addr_0fe2c6opqa0ubcpx9e52859ych1kbkda0hrhltzyl6,12,6,0.00028364123811752483
addr_rwjk27yejr4largh4d4h5fnls36jm8fr04hoffacaw,14,2,0.00027194684226987696
addr_uy9xxg3oe6fef043qo7kedjwke6y5o1ul5bs5qfy8u,9,9,0.0002716251959152659
addr_0k12pl4uczsh8h88wkjihat6st26xqn7iqo8be08u6,8,5,0.0002692596217730029
addr_9695x3208rfafvylrc62akvwvd1pd9ue1r5vdancpg,18,8,0.0002691411401222821
addr_1ac8kkuvgnhfnvznfsmxatd3bw1iudiwf4jkna2385,15,6,0.00026603291215228597
addr_vlaucistz7yj4nqt1w9v46xlk4i1qha30l0s8qwepb,18,11,0.0002655854822636012
addr_4nixsqiywqhcgo89rrm2fbxkscwhxerdbf26x82g0p,6,7,0.0002575284168484023
addr_urdv5pi04n20ch3hkafz1130rlnrlb3mb9lsi4yev8,12,5,0.0002559909687772206
addr_3xu45eqmq1iv5si1lv6uogyecwcxion2vij98org4z,9,6,0.000255984180501824
addr_h4soq5ihxzm4njkxjp9ygstx9l27yfu12hclyrjdhu,13,4,0.00025453593913822743
addr_r7gysiejnef0ydrrdn208rnppapcjehlycg6ne4590,9,5,0.00024625135708575545
addr_inpfgomqxmqo0fvlc254zh0qa1lszkzn0lyimoes1a,9,6,0.00024393597024150354
addr_v596yiwxi5mtrynjsmwk6cly74lozgukr8tu14s7r9,14,7,0.0002421818642594292
addr_5m7v5rftvn3om84j6m20z67pb27ifkhmeq2v6l3e7l,12,10,0.00024088456543356213
